episode,avg_throughput,avg_fairness,avg_se,avg_pe,avg_su
0,31.596103057861335,0.32945789188146596,4.45116073846817,6.094853347349271e-07,2.9667402791976945
